employer_group;employer_name;employer_type;employer_id
Газпромбанк;Газпромбанк;bank;3388
Национальный Клиринговый Центр;Национальный Клиринговый Центр;bank;
Альфа-Банк;Альфа-Банк;bank;80
Россельхозбанк;Россельхозбанк;bank;58320
Банк «ФК Открытие»;Банк «ФК Открытие»;bank;23040
Московский кредитный банк;Московский кредитный банк;bank;2492
Национальный Банк «Траст»;Национальный Банк «Траст»;bank;5186
Райффайзенбанк;Райффайзенбанк;bank;4023
ЮниКредит Банк;ЮниКредит Банк;bank;1754
Росбанк;Росбанк;bank;599
Совкомбанк;Совкомбанк;bank;7944
Россия;Россия;bank;37261
Банк «Санкт-Петербург»;Банк «Санкт-Петербург»;bank;3783
Всероссийский Банк Развития Регионов;Всероссийский Банк Развития Регионов;bank;51
Тинькофф Банк;Тинькофф Банк;bank;78638
Ак Барс;Ак Барс;bank;47939
Ситибанк;Ситибанк;bank;2383
Почта Банк;Почта Банк;bank;1049556
Банк Уралсиб;Банк Уралсиб;bank;89
БМ-Банк;БМ-Банк;bank;
Новикомбанк;Новикомбанк;bank;10227
СМП Банк;СМП Банк;bank;41296
Московский Индустриальный Банк;Московский Индустриальный Банк;bank;1115
Московский Областной Банк;Московский Областной Банк;bank;39820
Банк ДОМ.РФ;Банк ДОМ.РФ;bank;3443
Русский Стандарт;Русский Стандарт;bank;586
Пересвет;Пересвет;bank;48377
Связь-Банк;Связь-Банк;bank;2817
Сургутнефтегазбанк;Сургутнефтегазбанк;bank;875499
Хоум Кредит Банк;Хоум Кредит Банк;bank;1496
Возрождение;Возрождение;bank;2701
Абсолют Банк;Абсолют Банк;bank;2737
Уральский Банк Реконструкции и Развития;Уральский Банк Реконструкции и Развития;bank;953
Банк Зенит;Банк Зенит;bank;404
Восточный Банк;Восточный Банк;bank;78961
РНКБ;РНКБ;bank;
Инвестторгбанк;Инвестторгбанк;bank;
МТС Банк;МТС Банк;bank;4496
Национальный Расчетный Депозитарий;Национальный Расчетный Депозитарий;bank;2999164
ИНГ Банк;ИНГ Банк;bank;
Ренессанс Кредит;Ренессанс Кредит;bank;5923
ОТП Банк;ОТП Банк;bank;4394
Экспресс-Волга;Экспресс-Волга;bank;
Транскапиталбанк;Транскапиталбанк;bank;2633
Русфинанс Банк;Русфинанс Банк;bank;3411
Сетелем Банк;Сетелем Банк;bank;7588
Запсибкомбанк;Запсибкомбанк;bank;65520
Росэксимбанк;Росэксимбанк;bank;
Кредит Европа Банк;Кредит Европа Банк;bank;1947
Роскосмосбанк;Роскосмосбанк;bank;2598564
МСП Банк;МСП Банк;bank;25722
Авангард;Авангард;bank;
Таврический Банк;Таврический Банк;bank;1059677
Центр-инвест;Центр-инвест;bank;85339
ЦентроКредит;ЦентроКредит;bank;2439
Банк Финсервис;Банк Финсервис;bank;39507
Дойче Банк;Дойче Банк;bank;1641540
Азиатско-Тихоокеанский Банк;Азиатско-Тихоокеанский Банк;bank;176941
Нордеа Банк;Нордеа Банк;bank;
Локо-Банк;Локо-Банк;bank;1149
Кубань Кредит;Кубань Кредит;bank;200524
РН Банк;РН Банк;bank;740012
Аверс;Аверс;bank;
Союз;Союз;bank;
Металлинвестбанк;Металлинвестбанк;bank;3162
ВУЗ-Банк;ВУЗ-Банк;bank;
СКБ-Банк;СКБ-Банк;bank;33305
Мидзухо Банк;Мидзухо Банк;bank;24215
Эйч-Эс-Би-Си Банк (HSBC);Эйч-Эс-Би-Си Банк (HSBC);bank;
Экспобанк;Экспобанк;bank;798
Тойота Банк;Тойота Банк;bank;46275
Балтинвестбанк;Балтинвестбанк;bank;
Сумитомо Мицуи;Сумитомо Мицуи;bank;
Меткомбанк (Каменск-Уральский);Меткомбанк (Каменск-Уральский);bank;41432
СДМ-Банк;СДМ-Банк;bank;4256
Левобережный;Левобережный;bank;
БКС Банк;БКС Банк;bank;
Эм-Ю-Эф-Джи Банк (Евразия);Эм-Ю-Эф-Джи Банк (Евразия);bank;19908
ББР Банк;ББР Банк;bank;3323
Банк Интеза;Банк Интеза;bank;589
Примсоцбанк;Примсоцбанк;bank;770915
Платежный Центр;Платежный Центр;bank;
АйСиБиСи Банк;АйСиБиСи Банк;bank;68757
Севергазбанк;Севергазбанк;bank;
Крайинвестбанк;Крайинвестбанк;bank;
Коммерцбанк (Евразия);Коммерцбанк (Евразия);bank;8943
Челиндбанк;Челиндбанк;bank;742453
Фора-Банк;Фора-Банк;bank;37151
Киви Банк;Киви Банк;bank;3159173
Челябинвестбанк;Челябинвестбанк;bank;1203065
Росгосстрах Банк;Росгосстрах Банк;bank;3782
Генбанк;Генбанк;bank;632193
Энерготрансбанк;Энерготрансбанк;bank;1097062
Газэнергобанк;Газэнергобанк;bank;110688
Саровбизнесбанк;Саровбизнесбанк;bank;191710
СЭБ Банк;СЭБ Банк;bank;
Аресбанк;Аресбанк;bank;844872
Фольксваген Банк Рус;Фольксваген Банк Рус;bank;
Международный Финансовый Клуб;Международный Финансовый Клуб;bank;49316
БМВ Банк;БМВ Банк;bank;
Мир Бизнес Банк;Мир Бизнес Банк;bank;
Креди Агриколь КИБ;Креди Агриколь КИБ;bank;
Солидарность;Солидарность;bank;64389
Бэнк оф Чайна;Бэнк оф Чайна;bank;
БНП Париба Банк;БНП Париба Банк;bank;
Объединенный Капитал;Объединенный Капитал;bank;
Кольцо Урала;Кольцо Урала;bank;
БыстроБанк;БыстроБанк;bank;
Дальневосточный Банк;Дальневосточный Банк;bank;
Дж. П. Морган Банк;Дж. П. Морган Банк;bank;
Интерпрогрессбанк;Интерпрогрессбанк;bank;
Приморье;Приморье;bank;
Держава;Держава;bank;
Кредит Урал Банк;Кредит Урал Банк;bank;
Плюс Банк;Плюс Банк;bank;
Петербургский Социальный Коммерческий Банк;Петербургский Социальный Коммерческий Банк;bank;
НС Банк;НС Банк;bank;
Алмазэргиэнбанк;Алмазэргиэнбанк;bank;
Национальный Стандарт;Национальный Стандарт;bank;
ЦМРБанк;ЦМРБанк;bank;
МС Банк Рус;МС Банк Рус;bank;
Натиксис Банк;Натиксис Банк;bank;
Чайна Констракшн;Чайна Констракшн;bank;
Голдман Сакс Банк;Голдман Сакс Банк;bank;
Мерседес-Бенц Банк Рус;Мерседес-Бенц Банк Рус;bank;
Урал ФД;Урал ФД;bank;
Интерпромбанк;Интерпромбанк;bank;
Курскпромбанк;Курскпромбанк;bank;
Акибанк;Акибанк;bank;
Экономбанк;Экономбанк;bank;
Хлынов;Хлынов;bank;
Энергобанк;Энергобанк;bank;
Ланта-Банк;Ланта-Банк;bank;
Тольяттихимбанк;Тольяттихимбанк;bank;
Москоммерцбанк;Москоммерцбанк;bank;
Модульбанк;Модульбанк;bank;
Акцепт;Акцепт;bank;
Джей энд Ти Банк;Джей энд Ти Банк;bank;
НБД-Банк;НБД-Банк;bank;
Московское Ипотечное Агентство;Московское Ипотечное Агентство;bank;
Банк Кредит Свисс;Банк Кредит Свисс;bank;
Татсоцбанк;Татсоцбанк;bank;
Ури Банк;Ури Банк;bank;
Инбанк;Инбанк;bank;
Пойдем!;Пойдем!;bank;
Кошелев-Банк;Кошелев-Банк;bank;
Росдорбанк;Росдорбанк;bank;
Агропромкредит;Агропромкредит;bank;
КЭБ ЭйчЭнБи Банк;КЭБ ЭйчЭнБи Банк;bank;
Александровский;Александровский;bank;
Денизбанк Москва;Денизбанк Москва;bank;
Прио-Внешторгбанк;Прио-Внешторгбанк;bank;
Алеф-Банк;Алеф-Банк;bank;
Ишбанк;Ишбанк;bank;
РЕСО Кредит;РЕСО Кредит;bank;
Морской Банк;Морской Банк;bank;
Эс-Би-Ай Банк;Эс-Би-Ай Банк;bank;
Норвик Банк;Норвик Банк;bank;
Банк Сберегательно-Кредитного Сервиса;Банк Сберегательно-Кредитного Сервиса;bank;
Форштадт;Форштадт;bank;
Развитие-Столица;Развитие-Столица;bank;
НК Банк;НК Банк;bank;
Финанс Бизнес Банк;Финанс Бизнес Банк;bank;
Чайнасельхозбанк;Чайнасельхозбанк;bank;
Гарант-Инвест;Гарант-Инвест;bank;
Банк Казани;Банк Казани;bank;
Оренбург;Оренбург;bank;
КС Банк;КС Банк;bank;
БайкалИнвестБанк;БайкалИнвестБанк;bank;
Руснарбанк;Руснарбанк;bank;
НИКО-Банк;НИКО-Банк;bank;
Промтрансбанк;Промтрансбанк;bank;
Датабанк;Датабанк;bank;
Национальный Резервный Банк;Национальный Резервный Банк;bank;
Яндекс.Деньги;Яндекс.Деньги;bank;
Национальная Факторинговая Компания;Национальная Факторинговая Компания;bank;
Нижневолжский Коммерческий Банк;Нижневолжский Коммерческий Банк;bank;
Собинбанк;Собинбанк;bank;
ТЭМБР-Банк;ТЭМБР-Банк;bank;
Консервативный Коммерческий Банк;Консервативный Коммерческий Банк;bank;
Юг-Инвестбанк;Юг-Инвестбанк;bank;
Снежинский;Снежинский;bank;
Нацинвестпромбанк;Нацинвестпромбанк;bank;
Инкахран;Инкахран;bank;
Актив Банк;Актив Банк;bank;
Энергомашбанк;Энергомашбанк;bank;
Екатеринбург;Екатеринбург;bank;
Банк Раунд;Банк Раунд;bank;
Итуруп;Итуруп;bank;
Банк Жилищного Финансирования;Банк Жилищного Финансирования;bank;
Русьуниверсалбанк;Русьуниверсалбанк;bank;
Банк БКФ;Банк БКФ;bank;
Солид Банк;Солид Банк;bank;
МБА-Москва;МБА-Москва;bank;
Углеметбанк;Углеметбанк;bank;
Автоторгбанк;Автоторгбанк;bank;
Томскпромстройбанк;Томскпромстройбанк;bank;
Зираат Банк;Зираат Банк;bank;
Хакасский Муниципальный Банк;Хакасский Муниципальный Банк;bank;
Ставропольпромстройбанк;Ставропольпромстройбанк;bank;
Нейва;Нейва;bank;
Белгородсоцбанк;Белгородсоцбанк;bank;
Кузнецкбизнесбанк;Кузнецкбизнесбанк;bank;
Трансстройбанк;Трансстройбанк;bank;
Северный Народный Банк;Северный Народный Банк;bank;
Сибсоцбанк;Сибсоцбанк;bank;
Сити Инвест Банк;Сити Инвест Банк;bank;
Новобанк;Новобанк;bank;
Морган Стэнли Банк;Морган Стэнли Банк;bank;
Нефтепромбанк;Нефтепромбанк;bank;
Гута-Банк;Гута-Банк;bank;
Финам Банк;Финам Банк;bank;
Горбанк;Горбанк;bank;
Славия;Славия;bank;
Агророс;Агророс;bank;
Ростфинанс;Ростфинанс;bank;
Банк Оранжевый;Банк Оранжевый;bank;
Кузнецкий;Кузнецкий;bank;
Енисейский Объединенный Банк;Енисейский Объединенный Банк;bank;
Черноморский банк развития и реконструкции;Черноморский банк развития и реконструкции;bank;
Азия-Инвест Банк;Азия-Инвест Банк;bank;
Автоградбанк;Автоградбанк;bank;
ФорБанк;ФорБанк;bank;
Земский Банк;Земский Банк;bank;
Венец;Венец;bank;
Газтрансбанк;Газтрансбанк;bank;
Альба Альянс;Альба Альянс;bank;
Москва-Сити;Москва-Сити;bank;
Ю Би Эс Банк;Ю Би Эс Банк;bank;
Платина;Платина;bank;
Индустриальный Сберегательный Банк;Индустриальный Сберегательный Банк;bank;
Кубаньторгбанк;Кубаньторгбанк;bank;
Стройлесбанк;Стройлесбанк;bank;
Зенит Сочи;Зенит Сочи;bank;
Русь;Русь;bank;
Проминвестбанк;Проминвестбанк;bank;
Роял Кредит Банк;Роял Кредит Банк;bank;
Бест Эффортс Банк;Бест Эффортс Банк;bank;
Банк «Фридом Финанс»;Банк «Фридом Финанс»;bank;
Муниципальный Камчатпрофитбанк;Муниципальный Камчатпрофитбанк;bank;
СИАБ;СИАБ;bank;
Долинск;Долинск;bank;
Заубер Банк;Заубер Банк;bank;
НОКССбанк;НОКССбанк;bank;
Крокус-Банк;Крокус-Банк;bank;
Севастопольский Морской Банк;Севастопольский Морской Банк;bank;
ВРБ;ВРБ;bank;
Мегаполис;Мегаполис;bank;
Московский Коммерческий Банк;Московский Коммерческий Банк;bank;
Веста;Веста;bank;
Братский АНКБ;Братский АНКБ;bank;
Камский Коммерческий Банк;Камский Коммерческий Банк;bank;
Кремлевский;Кремлевский;bank;
Мобильная карта;Мобильная карта;bank;
Донкомбанк;Донкомбанк;bank;
Алтайкапиталбанк;Алтайкапиталбанк;bank;
Икано Банк;Икано Банк;bank;
Славянский Кредит;Славянский Кредит;bank;
Вологжанин;Вологжанин;bank;
Нэклис-Банк;Нэклис-Банк;bank;
ЮМК;ЮМК;bank;
ПэйПал Ру;ПэйПал Ру;bank;
Объединенный Резервный Банк;Объединенный Резервный Банк;bank;
Владбизнесбанк;Владбизнесбанк;bank;
Народный Банк;Народный Банк;bank;
Современные Стандарты Бизнеса;Современные Стандарты Бизнеса;bank;
Далена Банк;Далена Банк;bank;
Санкт-Петербургский Банк Инвестиций;Санкт-Петербургский Банк Инвестиций;bank;
Уралпромбанк;Уралпромбанк;bank;
Элита;Элита;bank;
Банк Реалист;Банк Реалист;bank;
Коммерческий Индо Банк;Коммерческий Индо Банк;bank;
Уралфинанс;Уралфинанс;bank;
Новый Век;Новый Век;bank;
Живаго Банк;Живаго Банк;bank;
Юнистрим;Юнистрим;bank;
Первоуральскбанк;Первоуральскбанк;bank;
Вестерн Юнион ДП Восток;Вестерн Юнион ДП Восток;bank;
Первый Клиентский Банк;Первый Клиентский Банк;bank;
Унифондбанк;Унифондбанк;bank;
Банк ПСА Финанс Рус;Банк ПСА Финанс Рус;bank;
Расчетные Решения;Расчетные Решения;bank;
БСТ-Банк;БСТ-Банк;bank;
Оргбанк;Оргбанк;bank;
Кетовский Коммерческий Банк;Кетовский Коммерческий Банк;bank;
Профессионал Банк;Профессионал Банк;bank;
Тамбовкредитпромбанк;Тамбовкредитпромбанк;bank;
Евразийский Банк;Евразийский Банк;bank;
Московский Нефтехимический Банк;Московский Нефтехимический Банк;bank;
Синко-Банк;Синко-Банк;bank;
Тендер-Банк;Тендер-Банк;bank;
Заречье;Заречье;bank;
ИРС;ИРС;bank;
Внешфинбанк;Внешфинбанк;bank;
Экси-Банк;Экси-Банк;bank;
ИТ Банк;ИТ Банк;bank;
Ермак;Ермак;bank;
Оней Банк;Оней Банк;bank;
Газнефтьбанк;Газнефтьбанк;bank;
Яринтербанк;Яринтербанк;bank;
Витабанк;Витабанк;bank;
Евроальянс;Евроальянс;bank;
Америкэн Экспресс Банк;Америкэн Экспресс Банк;bank;
Система;Система;bank;
Международный Коммерческий Банк;Международный Коммерческий Банк;bank;
Социум-Банк;Социум-Банк;bank;
Первый Инвестиционный Банк;Первый Инвестиционный Банк;bank;
Банк Глобус;Банк Глобус;bank;
Йошкар-Ола;Йошкар-Ола;bank;
РБА;РБА;bank;
Первый Дортрансбанк;Первый Дортрансбанк;bank;
Костромаселькомбанк;Костромаселькомбанк;bank;
Пермь;Пермь;bank;
Вкабанк;Вкабанк;bank;
Великие Луки Банк;Великие Луки Банк;bank;
Россита-Банк;Россита-Банк;bank;
ИК Банк;ИК Банк;bank;
Приобье;Приобье;bank;
Народный Доверительный Банк;Народный Доверительный Банк;bank;
Арзамас;Арзамас;bank;
РФИ Банк;РФИ Банк;bank;
Викинг;Викинг;bank;
Элекснет;Элекснет;bank;
Капитал;Капитал;bank;
Сервис Резерв;Сервис Резерв;bank;
Саратов;Саратов;bank;
Кросна-Банк;Кросна-Банк;bank;
Новый Московский Банк;Новый Московский Банк;bank;
Майкопбанк;Майкопбанк;bank;
Ноосфера;Ноосфера;bank;
Алтынбанк;Алтынбанк;bank;
Дом-Банк;Дом-Банк;bank;
Тексбанк;Тексбанк;bank;
Калуга;Калуга;bank;
Спутник;Спутник;bank;
АвтоКредитБанк;АвтоКредитБанк;bank;
Проинвестбанк;Проинвестбанк;bank;
Промсельхозбанк;Промсельхозбанк;bank;
Кузбассхимбанк;Кузбассхимбанк;bank;
Новокиб;Новокиб;bank;
Евроазиатский Инвестиционный Банк;Евроазиатский Инвестиционный Банк;bank;
Вакобанк;Вакобанк;bank;
Столичный Кредит;Столичный Кредит;bank;
Республиканский Кредитный Альянс;Республиканский Кредитный Альянс;bank;
Промышленно-Финансовое Сотрудничество;Промышленно-Финансовое Сотрудничество;bank;
Росбизнесбанк;Росбизнесбанк;bank;
Сельмашбанк;Сельмашбанк;bank;
Акрополь;Акрополь;bank;
Банк РМП;Банк РМП;bank;
Мурманский Расчетный Центр;Мурманский Расчетный Центр;bank;
Крона-Банк;Крона-Банк;bank;
Торжок (бывш. Торжокуниверсалбанк);Торжок (бывш. Торжокуниверсалбанк);bank;
Примтеркомбанк;Примтеркомбанк;bank;
Прохладный;Прохладный;bank;
Почтобанк;Почтобанк;bank;
Кузнецкий Мост;Кузнецкий Мост;bank;
Курган;Курган;bank;
Руна-Банк;Руна-Банк;bank;
Банк Агора;Банк Агора;bank;
Р-Инкас;Р-Инкас;bank;
Апабанк;Апабанк;bank;
МТИ Банк;МТИ Банк;bank;
Майский;Майский;bank;
Нальчик;Нальчик;bank;
Финчер;Финчер;bank;
Севзапинвестпромбанк;Севзапинвестпромбанк;bank;
Саммит Банк;Саммит Банк;bank;
Спецстройбанк;Спецстройбанк;bank;
Невастройинвест;Невастройинвест;bank;
Земкомбанк;Земкомбанк;bank;
Байкалкредобанк;Байкалкредобанк;bank;
Русский Банк Сбережений;Русский Банк Сбережений;bank;
ЕАТП Банк;ЕАТП Банк;bank;
Межбанковский Кредитный Союз;Межбанковский Кредитный Союз;bank;
Онего;Онего;bank;
Спиритбанк;Спиритбанк;bank;
Электронный платежный сервис;Электронный платежный сервис;bank;
Дон-Тексбанк;Дон-Тексбанк;bank;
Единая касса;Единая касса;bank;
Синергия;Синергия;bank;
Классик Эконом Банк;Классик Эконом Банк;bank;
Банк РСИ;Банк РСИ;bank;
Соколовский;Соколовский;bank;
Народный Инвестиционный Банк;Народный Инвестиционный Банк;bank;
Деньги.Мэйл.Ру;Деньги.Мэйл.Ру;bank;
Национальный Банк Сбережений;Национальный Банк Сбережений;bank;
Химик;Химик;bank;
Единая Расчетная Палата;Единая Расчетная Палата;bank;
Моби.Деньги;Моби.Деньги;bank;
Мурманский Социальный Коммерческий Банк;Мурманский Социальный Коммерческий Банк;bank;
Балаково-Банк;Балаково-Банк;bank;
РИБ;РИБ;bank;
Космос;Космос;bank;
Максима;Максима;bank;
Объединенный Банк Республики;Объединенный Банк Республики;bank;
Стандарт-Кредит;Стандарт-Кредит;bank;
Геобанк;Геобанк;bank;
Металлург;Металлург;bank;
РусьРегионБанк;РусьРегионБанк;bank;
Прокоммерцбанк;Прокоммерцбанк;bank;
Ресурс-Траст;Ресурс-Траст;bank;
Рента-Банк;Рента-Банк;bank;
Гефест;Гефест;bank;
Славянбанк;Славянбанк;bank;
Берейт;Берейт;bank;
Эко-Инвест;Эко-Инвест;bank;
Банк 131;Банк 131;bank;
Таганрогбанк;Таганрогбанк;bank;
Монета.ру;Монета.ру;bank;
МВС Банк;МВС Банк;bank;
Вятич;Вятич;bank;
Холмск;Холмск;bank;
Центрально-Азиатский;Центрально-Азиатский;bank;
Дружба;Дружба;bank;
Народный Банк Тувы;Народный Банк Тувы;bank;
Континенталь;Континенталь;bank;
Альтернатива;Альтернатива;bank;
Лэнд Кредит;Лэнд Кредит;bank;
Северстройбанк;Северстройбанк;bank;
Тайдон;Тайдон;bank;
Расчетная Палата СВМБ;Расчетная Палата СВМБ;bank;
Платежный Стандарт;Платежный Стандарт;bank;
Сетевая Расчетная Палата;Сетевая Расчетная Палата;bank;
Промсвязьинвест;Промсвязьинвест;bank;
Перспектива;Перспектива;bank;
Объединенная Расчетная Система;Объединенная Расчетная Система;bank;
Премиум;Премиум;bank;
ПэйЮ;ПэйЮ;bank;
Русское Финансовое Общество;Русское Финансовое Общество;bank;
Красноярский Краевой Расчетный Центр;Красноярский Краевой Расчетный Центр;bank;
Нарат;Нарат;bank;
Глобал Эксчейндж;Глобал Эксчейндж;bank;
Петербургский Расчетный Центр;Петербургский Расчетный Центр;bank;
Элплат;Элплат;bank;
Дальний Восток;Дальний Восток;bank;
Инэко;Инэко;bank;
Центр онлайн-обучения „Нетология-групп“;Центр онлайн-обучения „Нетология-групп“ 51;IT;855219
ЦНИИАГ;ЦНИИАГ 93;IT;1075252
Ланит;Datana (ГК ЛАНИТ) 4;IT;4470218
Ланит;diHouse (ГК ЛАНИТ) 4;IT;2651885
Ланит;Treolan (ГК ЛАНИТ) 13;IT;2651941
Ланит;ИНСИСТЕМС (ГК ЛАНИТ) 17;IT;2651911
Ланит;ЛАН АТМсервис (ГК ЛАНИТ) 12;IT;2651937
Ланит;ЛАНИТ, АО 14;IT;733
Ланит;ЛАНИТ БиПиЭм 10;IT;2651905
Ланит;ЛАНИТ- Интеграция 29;IT;2651938
Ланит;ЛАНИТ Северо-Запад 3;IT;2651960
Ланит;ЛАНИТ-СИБИРЬ, ООО 1;IT;2247417
Ланит;ЛАНИТ-ТЕРКОМ 8;IT;2651962
Ланит;ЛАНИТ-ТЕХНОЛОГИИ 53;IT;2651978
Ланит;ЛАНТЕР (ГК ЛАНИТ) 17;IT;2651980
Ланит;ОНЛАНТА (ГК ЛАНИТ) 19;IT;2651933
Ланит;Сетевая академия (ГК ЛАНИТ) 2;IT;2652013
Epam;EPAM, ООО 2;IT;29470
Epam;EPAM Systems, Inc. 184;IT;6769
Softline;Softline 269;IT;2381
1С**;1C-Битрикс, ООО 28;IT;129044
1С**;1C-Рарус, ООО 123;IT;172
1С**;1С, ЗАО 83;IT;882
1С**;1С International 5;IT;3271505
1С**;1С-АВТОМАТИЗАЦИЯ 1;IT;3769
1С**;1С:Апрель Софт 19;IT;71370
1С**;1С-Архитектор бизнеса 11;IT;2235
1С**;1С БИЗНЕС РЕШЕНИЯ, ООО 12;IT;1852940
1С**;1С:ВДГБ, ООО 4;IT;17954
1С**;1С-ВЕКТРО, ООО 3;IT;181541
1С**;1С-Галэкс 5;IT;159758
1С**;1С-ИжТиСи 13;IT;805729
1С**;1С-Коннект 2;IT;1227731
1С**;1С-КПД, ООО 6;IT;555869
1С**;1С Онлайн Геймс, ООО 24;IT;2948126
1С**;1С-Поволжье, ООО 2;IT;128408
1С**;1С-СофтКлаб, ООО 34;IT;6376
1С**;1С-Старт, ООО 14;IT;1999869
1С**;1С:Франчайзи Виктория СПб 1;IT;934705
1С**;1С Франчайзи: Лотос 1;IT;3545921
Лаборатория Касперского*;Лаборатория Касперского, ООО 109;IT;1057
ITG (INLINE Technologies Group);INLINE Technologies, ООО 6;IT;898
ITG (INLINE Technologies Group);Inline Telecom Solutions, ООО 10;IT;972961
Ростелеком;Ростелеком, ПАО 2041;IT;2748
Ростелеком;Ростелеком Информационные Технологии, ООО 117;IT;3144945
Ростелеком;Ростелеком Контакт-Центр 70;IT;3634424
Ростелеком;Ростелеком - Розничные Системы, ООО 340;IT;3782259
Ростелеком;Ростелеком-Солар 60;IT;1793216
Ростелеком;Ростелеком - Центры обработки данных 113;IT;852361
SAP СНГ*;SAP 21;IT;854
Ай-теко;Ай-Теко (I-Teco), ООО 86;IT;115
Ай-теко;Айтеко Технолоджи, ООО 1;IT;4167790
Ай-теко;ИЦ АЙ-ТЕКО, ООО 45;IT;872178
Газпром Автоматизация***;Газпром автоматизация, ПАО 14;IT;903111
Крок;КРОК 144;IT;2987
Инфосистемы Джет;Инфосистемы Джет, ООО 154;IT;3095
Центр Финансовых Технологий;Центр финансовых технологий 73;IT;8550
Центр Финансовых Технологий;Центр финансовых технологий Базис 20;IT;3129027
RRC Group;RRC 14;IT;64
RRC Group;RRC Consulting, ООО 36;IT;617221
Талмер;Талмер, ООО 4;IT;3231834
Компьюлинк;Группа Компаний КомпьюЛинк, ООО 3;IT;380
Тегрус;;IT;
Nexign (Петер-Сервис);Nexign (АО «Нэксайн») 77;IT;6004
Энвижн Груп***;Энвижн Груп (NVision Group), АО 34;IT;5634
СКБ Контур;СКБ Контур, ООО 266;IT;41862
Форс;ФОРС 13;IT;2417
ICL-KPO BC;GDC (ICL Services) 169;IT;156424
ICL-KPO BC;ICL-КПО ВС, ООО 20;IT;32570
X-Com;X-Com 16;IT;137432
Сател;САТЕЛ, Группа компаний, ООО 23;IT;760
Атол;АТОЛ, группа компаний, ООО 18;IT;3343
Информзащита****;ИНФОРМЗАЩИТА 40;IT;3415
Компарекс;COMPAREX 10;IT;166140
АМТ-груп;АМТ-ГРУП, ООО 4;IT;9081
ОТР (2);ОТР, ООО 283;IT;11749
Аплана;Аплана Софтвер, ООО 13;IT;2631
Аплана;ГК Аплана 23;IT;2322
Эвотор;;IT;2425896
Инлайн Груп;ИНЛАЙН ГРУП, ООО 5;IT;671016
Системный софт;Системный софт, ООО 14;IT;724229
Борлас;Борлас, Консалтинговая группа, ООО 16;IT;222045
Галактика;Галактика, ООО 21;IT;644
Itransition;;IT;
Рамэк-ВС;РАМЭК - ВС, ООО 13;IT;23494
НАГ;НАГ, ООО 36;IT;54732
TerraLink;TerraLink, ООО 20;IT;865
ДиСиЛоджик;ДиСиЛоджик, ООО 1;IT;2477476
CTI;CTI 18;IT;2651877
SMART technologies;;IT;
Корус Консалтинг;КОРУС Консалтинг 56;IT;675
Корус Консалтинг СНГ*****;КОРУС Консалтинг СНГ 65;IT;946607
Программный Продукт*****;Программный Продукт, ИТ-компания 47;IT;2393
Синто*****;Синто, ООО 10;IT;1949248
Инфотекс***;ИнфоТеКС, ОАО 60;IT;3778
Инфотекс***;Инфотекс Интернет Траст, ООО 15;IT;5672
Philax;;IT;
НПЦ Элвис;НПЦ «ЭЛВИС», АО 35;IT;206972
GlowByte Consulting*****;GlowByte Consulting, ООО 25;IT;64474
РДТеХ;РДТЕХ, ООО 6;IT;2258
iCore;iCore (Integration Core) 13;IT;618956
Рамакс Груп;Рамакс Интернейшнл, АО 22;IT;142514
Safelogic;;IT;
Барс Груп;БАРС Груп, ООО 110;IT;72977
УЦСБ;;IT;
АДВ Консалтинг;;IT;
НЭК (Нева коммуникационные системы);;IT;
Импульс Телеком;Импульс Телеком, ООО 13;IT;1686634
OFT Group;OFT Group, ООО 2;IT;76396
Манго Телеком;;IT;
НИИ «Восход»;НИИ «Восход», ООО 33;IT;154761
Унитех;Унитех, ООО 1;IT;2845455
Форт Диалог*****;Форт Диалог, АО 5;IT;998174
Финвал Инжиниринг;;IT;
"Корпорация ""Парус""";;IT;
Системы и Связь;;IT;
Консист Бизнес Групп;Консист Бизнес Групп 8;IT;2652173
БСС;БСС, ООО 51;IT;39014
ТелеСвязь*****;ТелеСвязь, OOO, ООО 2;IT;16700
Selectel;Selectel 53;IT;633069
ЕАЕ-Консалт*****;ЕАЕ-Консалт 17;IT;988038
BIA-Technologies;;IT;
ДиалогНаука;ДиалогНаука, ООО 1;IT;3383
ЗащитаИнфоТранс;ЗащитаИнфоТранс, ФГУП, ООО 16;IT;116378
Астрал*****(3);Группа Компаний Астрал 19;IT;1276490
Сонет;СОНЕТ 5;IT;81647
Prof-IT Group;PROF IT, ООО 4;IT;3605622
Ventra IT;Ventra 253;IT;1838
Форус;Форус, Группа компаний, ООО 2;IT;120289
Цифра;ЦИФРА, ООО 42;IT;3191643
Галэкс;НТЦ Галэкс 8;IT;1039934
Центр речевых технологий;;IT;
РТИ(4);РТИ, АО 64;IT;103944
Инфокомпас;;IT;
First Line Software;First Line Software, ООО 41;IT;638130
Аскон;АСКОН, ООО 72;IT;41144
ХайТэк;ГК «ХайТэк» 24;IT;2262181
Сателл ИТ;Сателл ИТ, ООО 32;IT;2863237
ITPS;Группа компаний ITPS 14;IT;40791
Неофлекс;Неофлекс, ООО 56;IT;22494
Актив-софт;;IT;
Оберон;Оберон, ООО 10;IT;84751
Angara;Angara Technologies Group 13;IT;1911403
Компьютеры и сети;ГК Компьютеры и сети, ООО 11;IT;550596
Айтоника;Айтоника, ООО 1;IT;2607332
Novardis;NOVARDIS 38;IT;60491
Синимекс;Синимекс, ООО 6;IT;6944
Molga Consulting;MOLGA Consulting (МОЛГА Консалтинг), ООО 8;IT;52703
R-Style Softlab;R-Style Softlab (Эр-Стайл Софтлаб) 61;IT;2419
АйТи Энерджи Сервис;АйТи Энерджи Сервис, ООО 2;IT;196970
Linxdatacenter;;IT;
BearingPoint;BearingPoint, ООО 14;IT;3916
ИВС;ИВС, Группа компаний, ООО 1;IT;153817
KPBS;KPBS, ООО 2;IT;668994
Digital Design;Digital Design, ООО 23;IT;4745
Actonic;Actonic 1;IT;3853846
Agiloft;Agiloft 19;IT;1871949
Akvelon ;Akvelon, ООО 110;IT;213004
CorePartners ;CorePartners 8;IT;25087
Craft Games - разработка и продвижение игр для мобильных устройств ;Craft Games - разработка и продвижение игр для мобильных устройств 18;IT;2788545
DataArt ;DataArt, ООО 136;IT;69961
Diasoft ;Diasoft, ООО 73;IT;154
DominiGames ;DominiGames 12;IT;960062
DSR, Группа Компаний ;DSR, Группа Компаний, ООО 18;IT;217737
EGAR TECHNOLOGY, INC. ;EGAR TECHNOLOGY, INC., ООО 29;IT;4917
esteIT ;esteIT, ООО 8;IT;71193
FoodPlex ;FoodPlex 28;IT;1772667
Gaijin Entertainment ;Gaijin Entertainment, ООО 17;IT;1938
GSPD ;GSPD 8;IT;1882496
Mail.Ru Group;Mail.Ru Group 371;IT;15478
Netcracker Technology Corp. ;Netcracker Technology Corp. 121;IT;3945
Noorsoft ;Noorsoft 2;IT;2778644
Playrix ;Playrix 27;IT;114448
TeamIdea (ООО ТИМИДЕЯ ГРУПП) ;TeamIdea (ООО ТИМИДЕЯ ГРУПП), ООО 23;IT;567928
T-Systems RUS ;T-Systems RUS 77;IT;25
АО РТ Лабс ;РТ Лабс, АО 48;IT;894410
Атос АйТи Солюшенс энд Сервисез ;Атос АйТи Солюшенс энд Сервисез, ООО 237;IT;725989
Лига Цифровой Экономики ;Лига Цифровой Экономики 163;IT;2733062
Неофлекс ;Неофлекс, ООО 56;IT;22494
ООО Egamings, филиал г. Псков ;Egamings, филиал г. Псков, ООО 16;IT;2661787
ООО Натчез Трэйс ;Натчез Трэйс, ООО 1;IT;2314866
ООО ОТР ;ОТР, ООО 283;IT;11749
ООО ТекФорс Инжиниринг ;ТекФорс Инжиниринг, ООО 20;IT;934019
ООО Энкри ;Энкри, ООО 2;IT;2815033
Рексофт ;Рексофт, ООО 20;IT;3984
РЕЛЭКС ;РЕЛЭКС, ООО 8;IT;49507
Синимекс ;Синимекс, ООО 6;IT;6944
Яндекс;Яндекс, ООО 2853;IT;1740
Яндекс;Яндекс.Деньги, НКО, ООО 37;IT;655542
Rambler;Rambler Group 36;IT;8620
Сбербанк России;Сбербанк России;bank;3529
ВТБ;ВТБ;bank;4181
